Price,Adj Close,Close,High,Low,Open,Volume
Ticker,360750.KS,360750.KS,360750.KS,360750.KS,360750.KS,360750.KS
Date,,,,,,
2020-08-07,9612.5048828125,10010.0,10045.0,9970.0,10030.0,122948
2020-08-10,9636.513671875,10035.0,10050.0,10005.0,10010.0,207014
2020-08-11,9646.1171875,10045.0,10055.0,10030.0,10045.0,81106
2020-08-12,9607.705078125,10005.0,10010.0,9945.0,9985.0,66343
2020-08-13,9655.7197265625,10055.0,10090.0,10045.0,10090.0,159153
2020-08-14,9694.1298828125,10095.0,10110.0,10070.0,10110.0,216668
2020-08-18,9689.330078125,10090.0,10130.0,10090.0,10125.0,78472
2020-08-19,9708.5361328125,10110.0,10135.0,10090.0,10105.0,84389
2020-08-20,9650.9169921875,10050.0,10060.0,10010.0,10055.0,79487
2020-08-21,9732.54296875,10135.0,10150.0,10105.0,10105.0,67963
2020-08-24,9818.966796875,10225.0,10230.0,10190.0,10190.0,156519
2020-08-25,9890.9892578125,10300.0,10320.0,10270.0,10320.0,391580
2020-08-26,9900.59375,10310.0,10325.0,10295.0,10315.0,96101
2020-08-27,9963.0107421875,10375.0,11000.0,10370.0,10370.0,110482
2020-08-28,10054.2392578125,10470.0,10475.0,10420.0,10430.0,100488
2020-08-31,10102.2548828125,10520.0,10520.0,10455.0,10475.0,180183
2020-09-01,10030.2333984375,10445.0,10475.0,10435.0,10475.0,83053
2020-09-02,10155.0693359375,10575.0,10585.0,10550.0,10560.0,109163
2020-09-03,10275.10546875,10700.0,10720.0,10680.0,10695.0,110358
2020-09-04,9919.798828125,10330.0,10365.0,10280.0,10285.0,121344
2020-09-07,9761.3515625,10165.0,10230.0,10165.0,10205.0,59571
2020-09-08,9881.3876953125,10290.0,10300.0,10250.0,10260.0,80929
2020-09-09,9578.8955078125,9975.0,10145.0,9840.0,9840.0,105632
2020-09-10,9766.15234375,10170.0,10190.0,10110.0,10190.0,76118
2020-09-11,9670.1220703125,10070.0,10075.0,10000.0,10000.0,94933
2020-09-14,9674.92578125,10075.0,10085.0,10030.0,10085.0,31632
2020-09-15,9694.1298828125,10095.0,10105.0,10060.0,10080.0,36144
2020-09-16,9703.734375,10105.0,10130.0,10085.0,10095.0,36483
2020-09-17,9458.859375,9850.0,10055.0,9850.0,10055.0,76384
2020-09-18,9454.0576171875,9845.0,9900.0,9810.0,9885.0,46557
2020-09-21,9271.603515625,9655.0,9780.0,9640.0,9780.0,443072
2020-09-22,9228.3916015625,9610.0,9675.0,9600.0,9655.0,331703
2020-09-23,9338.822265625,9725.0,9745.0,9685.0,9720.0,271023
2020-09-24,9161.169921875,9540.0,9565.0,9490.0,9520.0,342769
2020-09-25,9237.990234375,9620.0,9645.0,9600.0,9620.0,257017
2020-09-28,9439.654296875,9830.0,9830.0,9755.0,9780.0,245784
2020-09-29,9521.279296875,9915.0,9955.0,9895.0,9955.0,245753
2020-10-05,9478.0654296875,9870.0,9910.0,9860.0,9890.0,244158
2020-10-06,9554.888671875,9950.0,9970.0,9910.0,9925.0,223966
2020-10-07,9458.859375,9850.0,9860.0,9820.0,9820.0,234481
2020-10-08,9583.69921875,9980.0,10000.0,9945.0,9985.0,260633
2020-10-12,9689.330078125,10090.0,10100.0,10005.0,10005.0,263170
2020-10-13,9814.166015625,10220.0,10240.0,10105.0,10105.0,227827
2020-10-14,9775.75390625,10180.0,10195.0,10135.0,10195.0,221263
2020-10-15,9617.30859375,10015.0,10095.0,10010.0,10095.0,215758
2020-10-16,9660.51953125,10060.0,10090.0,10050.0,10060.0,204143
2020-10-19,9660.51953125,10060.0,10070.0,10035.0,10050.0,271961
2020-10-20,9487.6669921875,9880.0,9925.0,9870.0,9920.0,245207
2020-10-21,9492.470703125,9885.0,9910.0,9865.0,9900.0,198931
2020-10-22,9386.83984375,9775.0,9805.0,9760.0,9800.0,226974
2020-10-23,9454.0576171875,9845.0,9900.0,9780.0,9780.0,210847
2020-10-26,9382.0361328125,9770.0,9820.0,9765.0,9820.0,200540
2020-10-27,9300.4111328125,9685.0,9715.0,9650.0,9675.0,446745
2020-10-28,9233.19140625,9615.0,9625.0,9570.0,9610.0,475033
2020-10-29,9084.193359375,9450.0,9450.0,9380.0,9400.0,228538
2020-10-30,8901.546875,9260.0,9370.0,9230.0,9345.0,248271
2020-11-02,8997.6748046875,9360.0,9385.0,9265.0,9265.0,402317
2020-11-03,9141.8662109375,9510.0,9520.0,9445.0,9445.0,306612
2020-11-04,9319.708984375,9695.0,9830.0,9565.0,9610.0,1242036
2020-11-05,9454.2880859375,9835.0,9900.0,9760.0,9800.0,216330
2020-11-06,9459.09375,9840.0,9935.0,9840.0,9935.0,163821
2020-11-09,9588.8681640625,9975.0,10020.0,9975.0,9975.0,196793
2020-11-10,9521.5791015625,9905.0,10020.0,9855.0,10020.0,235553
2020-11-11,9545.6103515625,9930.0,9960.0,9905.0,9950.0,104135
2020-11-12,9560.029296875,9945.0,10005.0,9935.0,9965.0,99423
2020-11-13,9545.6103515625,9930.0,9945.0,9890.0,9945.0,92560
2020-11-16,9704.22265625,10095.0,10100.0,10040.0,10080.0,395722
2020-11-17,9670.5771484375,10060.0,10125.0,10030.0,10120.0,345927
2020-11-18,9588.8681640625,9975.0,10060.0,9975.0,10060.0,306842
2020-11-19,9636.9345703125,10025.0,10035.0,9935.0,9950.0,182404
2020-11-20,9612.90234375,10000.0,10020.0,9970.0,9995.0,402940
2020-11-23,9584.0634765625,9970.0,10000.0,9960.0,9995.0,597994
2020-11-24,9684.9990234375,10075.0,10085.0,10030.0,10085.0,491040
2020-11-25,9761.90234375,10155.0,10195.0,10125.0,10185.0,464102
2020-11-26,9723.44921875,10115.0,10140.0,10100.0,10135.0,349945
2020-11-27,9709.03125,10100.0,10100.0,10055.0,10095.0,253141
2020-11-30,9656.16015625,10045.0,10130.0,10045.0,10110.0,274883
2020-12-01,9785.931640625,10180.0,10195.0,10140.0,10140.0,172076
2020-12-02,9733.0634765625,10125.0,10195.0,10120.0,10195.0,551885
2020-12-03,9742.6748046875,10135.0,10170.0,10120.0,10135.0,200723
2020-12-04,9627.3212890625,10015.0,10125.0,10010.0,10110.0,361887
2020-12-07,9665.771484375,10055.0,10100.0,10040.0,10095.0,434293
2020-12-08,9675.3857421875,10065.0,10070.0,10030.0,10055.0,124421
2020-12-09,9742.6748046875,10135.0,10145.0,10100.0,10120.0,298081
2020-12-10,9660.96484375,10050.0,10090.0,10025.0,10090.0,549793
2020-12-11,9670.5771484375,10060.0,10090.0,10030.0,10060.0,501437
2020-12-14,9728.2568359375,10120.0,10140.0,10105.0,10140.0,326511
2020-12-15,9670.5771484375,10060.0,10125.0,10050.0,10110.0,612747
2020-12-16,9790.7392578125,10185.0,10195.0,10120.0,10125.0,327091
2020-12-17,9834.0,10230.0,10230.0,10195.0,10210.0,465882
2020-12-18,9882.0634765625,10280.0,10290.0,10255.0,10260.0,1525663
2020-12-21,9925.3212890625,10325.0,10340.0,10270.0,10320.0,565349
2020-12-22,9877.2568359375,10275.0,10330.0,10270.0,10320.0,536496
2020-12-23,9886.8681640625,10285.0,10320.0,10240.0,10310.0,417587
2020-12-24,9877.2568359375,10275.0,10310.0,10260.0,10310.0,465047
2020-12-28,9901.2880859375,10300.0,10325.0,10255.0,10325.0,524457
2020-12-29,9949.3525390625,10350.0,10370.0,10325.0,10345.0,486937
2020-12-30,9862.8369140625,10260.0,10295.0,10235.0,10295.0,588938
2021-01-04,9867.6416015625,10265.0,10305.0,10245.0,10300.0,450866
2021-01-05,9776.3203125,10170.0,10175.0,10120.0,10150.0,491487
2021-01-06,9785.931640625,10180.0,10250.0,10140.0,10170.0,284390
2021-01-07,9949.3525390625,10350.0,10370.0,10185.0,10195.0,317391
2021-01-08,10112.7724609375,10520.0,10605.0,10370.0,10580.0,395660
2021-01-11,10117.578125,10525.0,10565.0,10520.0,10530.0,320832
2021-01-12,10151.224609375,10560.0,10575.0,10520.0,10525.0,186391
2021-01-13,10117.578125,10525.0,10540.0,10490.0,10515.0,212503
2021-01-14,10175.2578125,10585.0,10635.0,10555.0,10590.0,173649
2021-01-15,10079.1279296875,10485.0,10530.0,10445.0,10530.0,284054
2021-01-18,10079.1279296875,10485.0,10500.0,10465.0,10470.0,170977
2021-01-19,10160.837890625,10570.0,10575.0,10515.0,10520.0,228373
2021-01-20,10165.642578125,10575.0,10600.0,10540.0,10585.0,233755
2021-01-21,10295.4189453125,10710.0,10740.0,10535.0,10705.0,391148
2021-01-22,10285.8037109375,10700.0,10730.0,10680.0,10705.0,241320
2021-01-25,10305.029296875,10720.0,10755.0,10715.0,10720.0,337845
2021-01-26,10285.8037109375,10700.0,10720.0,10670.0,10720.0,241867
2021-01-27,10305.029296875,10720.0,10740.0,10710.0,10740.0,184662
2021-01-28,10141.3056640625,10530.0,10530.0,10040.0,10190.0,343774
2021-01-29,10165.3828125,10555.0,10625.0,10525.0,10615.0,387845
2021-02-01,10102.7822265625,10490.0,10515.0,10380.0,10400.0,321306
2021-02-02,10266.5078125,10660.0,10670.0,10610.0,10610.0,139078
2021-02-03,10386.892578125,10785.0,10805.0,10745.0,10760.0,196618
2021-02-04,10372.4462890625,10770.0,10790.0,10760.0,10780.0,234926
2021-02-05,10598.7705078125,11005.0,11015.0,10810.0,10870.0,300645
2021-02-08,10613.2197265625,11020.0,11025.0,10975.0,10990.0,215359
2021-02-09,10618.0341796875,11025.0,11040.0,10990.0,11035.0,236158
2021-02-10,10555.4306640625,10960.0,11015.0,10960.0,10975.0,352467
2021-02-15,10574.6943359375,10980.0,11005.0,10960.0,10980.0,332465
2021-02-16,10584.328125,10990.0,11010.0,10960.0,10995.0,222723
2021-02-17,10589.1416015625,10995.0,11000.0,10905.0,10905.0,214170
2021-02-18,10560.25,10965.0,10990.0,10930.0,10985.0,258033
2021-02-19,10507.2783203125,10910.0,10930.0,10880.0,10925.0,230116
2021-02-22,10492.8310546875,10895.0,10910.0,10875.0,10895.0,205787
2021-02-23,10507.2783203125,10910.0,10925.0,10855.0,10885.0,140060
2021-02-24,10425.4150390625,10825.0,10880.0,10820.0,10850.0,223640
2021-02-25,10584.328125,10990.0,11010.0,10965.0,10990.0,176441
2021-02-26,10439.861328125,10840.0,10860.0,10765.0,10770.0,305432
2021-03-02,10608.404296875,11015.0,11020.0,10985.0,11010.0,380038
2021-03-03,10584.328125,10990.0,11010.0,10975.0,10995.0,218302
2021-03-04,10401.3388671875,10800.0,10835.0,10755.0,10810.0,223790
2021-03-05,10305.029296875,10700.0,10730.0,10670.0,10705.0,204530
2021-03-08,10536.1708984375,10940.0,11165.0,10915.0,11160.0,212127
2021-03-09,10651.73828125,11060.0,11090.0,11020.0,11030.0,232682
2021-03-10,10723.9716796875,11135.0,11160.0,11105.0,11130.0,193644
2021-03-11,10805.8359375,11220.0,11240.0,11185.0,11185.0,227756
2021-03-12,10844.3583984375,11260.0,11275.0,11225.0,11265.0,276621
2021-03-15,10887.697265625,11305.0,11345.0,11300.0,11305.0,291371
2021-03-16,10906.9599609375,11325.0,11375.0,11325.0,11340.0,285436
2021-03-17,10902.14453125,11320.0,11340.0,11305.0,11330.0,170070
2021-03-18,10873.2509765625,11290.0,11320.0,11275.0,11305.0,336479
2021-03-19,10772.1279296875,11185.0,11240.0,11155.0,11190.0,258807
2021-03-22,10733.60546875,11145.0,11185.0,11140.0,11175.0,214724
2021-03-23,10805.8359375,11220.0,11235.0,11190.0,11220.0,138493
2021-03-24,10776.943359375,11190.0,11205.0,11170.0,11200.0,178441
2021-03-25,10748.0498046875,11160.0,11200.0,11150.0,11190.0,164143
2021-03-26,10801.0205078125,11215.0,11235.0,11165.0,11165.0,170983
2021-03-29,10878.0673828125,11295.0,11325.0,11275.0,11325.0,261797
2021-03-30,10955.1142578125,11375.0,11390.0,11345.0,11350.0,210082
2021-03-31,10902.14453125,11320.0,11410.0,11305.0,11400.0,311522
2021-04-01,10959.9287109375,11380.0,11435.0,11325.0,11435.0,262977
2021-04-02,11056.23828125,11480.0,11500.0,11450.0,11500.0,362345
2021-04-05,11065.8671875,11490.0,11525.0,11475.0,11485.0,578383
2021-04-06,11080.314453125,11505.0,11600.0,11500.0,11600.0,483995
2021-04-07,11061.0546875,11485.0,11525.0,11460.0,11505.0,437114
2021-04-08,11128.4697265625,11555.0,11575.0,11540.0,11545.0,326069
2021-04-09,11162.177734375,11590.0,11590.0,11550.0,11575.0,342465
2021-04-12,11258.4853515625,11690.0,11705.0,11640.0,11640.0,527556
2021-04-13,11306.640625,11740.0,11755.0,11720.0,11720.0,424863
2021-04-14,11253.671875,11685.0,11750.0,11680.0,11740.0,614553
2021-04-15,11244.0400390625,11675.0,11680.0,11640.0,11655.0,390818
2021-04-16,11297.0078125,11730.0,11785.0,11720.0,11780.0,536862
2021-04-19,11359.6103515625,11795.0,11825.0,11750.0,11750.0,634773
2021-04-20,11282.5625,11715.0,11755.0,11695.0,11755.0,593378
2021-04-21,11234.41015625,11665.0,11670.0,11615.0,11670.0,390419
2021-04-22,11325.90234375,11760.0,11775.0,11725.0,11740.0,295281
2021-04-23,11244.0400390625,11675.0,11720.0,11670.0,11715.0,440444
2021-04-26,11311.4560546875,11745.0,11775.0,11735.0,11765.0,302541
2021-04-27,11321.0869140625,11755.0,11775.0,11730.0,11755.0,276679
2021-04-28,11335.5322265625,11770.0,11790.0,11755.0,11760.0,274087
2021-04-29,11325.8779296875,11730.0,11750.0,11705.0,11725.0,427394
2021-04-30,11335.533203125,11740.0,11740.0,11705.0,11730.0,439888
2021-05-03,11427.259765625,11835.0,11835.0,11740.0,11740.0,464295
2021-05-04,11417.60546875,11825.0,11840.0,11785.0,11840.0,562373
2021-05-06,11403.12109375,11810.0,11820.0,11785.0,11820.0,431462
2021-05-07,11451.400390625,11860.0,11880.0,11840.0,11840.0,368466
2021-05-10,11465.8828125,11875.0,11910.0,11865.0,11895.0,489625
2021-05-11,11340.36328125,11745.0,11770.0,11700.0,11765.0,604346
2021-05-12,11296.9130859375,11700.0,11735.0,11615.0,11615.0,421806
2021-05-13,11176.21875,11575.0,11600.0,11550.0,11575.0,444357
2021-05-14,11330.705078125,11735.0,11755.0,11690.0,11705.0,356770
2021-05-17,11480.365234375,11890.0,11900.0,11830.0,11835.0,318919
2021-05-18,11480.365234375,11890.0,11930.0,11860.0,11905.0,306256
2021-05-20,11321.0498046875,11725.0,11840.0,11695.0,11840.0,335853
2021-05-21,11412.775390625,11820.0,11830.0,11800.0,11825.0,198133
2021-05-24,11407.9501953125,11815.0,11845.0,11795.0,11810.0,300618
2021-05-25,11499.6767578125,11910.0,11945.0,11875.0,11945.0,247986
2021-05-26,11403.12109375,11810.0,11905.0,11800.0,11905.0,364948
2021-05-27,11393.466796875,11800.0,11825.0,11780.0,11810.0,220097
2021-05-28,11422.4326171875,11830.0,11870.0,11820.0,11820.0,191912
2021-05-31,11374.1552734375,11780.0,11845.0,11765.0,11840.0,346246
2021-06-01,11321.0498046875,11725.0,11755.0,11705.0,11755.0,485008
2021-06-02,11374.1552734375,11780.0,11780.0,11725.0,11725.0,242244
2021-06-03,11407.9501953125,11815.0,11820.0,11780.0,11785.0,217616
2021-06-04,11383.8125,11790.0,11815.0,11775.0,11800.0,198540
2021-06-07,11427.259765625,11835.0,11850.0,11805.0,11830.0,267708
2021-06-08,11461.0556640625,11870.0,11880.0,11835.0,11835.0,187092
2021-06-09,11461.0556640625,11870.0,11905.0,11860.0,11875.0,267959
2021-06-10,11470.708984375,11880.0,11885.0,11860.0,11870.0,224092
2021-06-11,11465.8828125,11875.0,11895.0,11865.0,11895.0,318268
2021-06-14,11543.126953125,11955.0,11975.0,11880.0,11885.0,232572
2021-06-15,11601.0595703125,12015.0,12020.0,11965.0,11970.0,257075
2021-06-16,11552.78125,11965.0,11990.0,11955.0,11985.0,391051
2021-06-17,11581.748046875,11995.0,12015.0,11950.0,11975.0,205032
2021-06-18,11644.5087890625,12060.0,12080.0,12000.0,12005.0,354406
2021-06-21,11494.8505859375,11905.0,11920.0,11845.0,11920.0,744505
2021-06-22,11663.8203125,12080.0,12095.0,12050.0,12050.0,247323
2021-06-23,11789.341796875,12210.0,12210.0,12115.0,12150.0,278239
2021-06-24,11755.546875,12175.0,12205.0,12165.0,12185.0,457924
2021-06-25,11731.408203125,12150.0,12215.0,12135.0,12195.0,441970
2021-06-28,11794.16796875,12215.0,12225.0,12170.0,12170.0,323306
2021-06-29,11794.16796875,12215.0,12235.0,12200.0,12225.0,428810
2021-06-30,11789.341796875,12210.0,12300.0,12205.0,12300.0,512447
2021-07-01,11885.8955078125,12310.0,12315.0,12245.0,12245.0,299124
2021-07-02,11948.65625,12375.0,12380.0,12360.0,12365.0,306516
2021-07-05,11977.6220703125,12405.0,12425.0,12375.0,12420.0,479403
2021-07-06,11977.6220703125,12405.0,12460.0,12405.0,12435.0,467632
2021-07-07,12045.2119140625,12475.0,12490.0,12415.0,12420.0,277373
2021-07-08,12127.28125,12560.0,12580.0,12525.0,12555.0,475300
2021-07-09,12103.14453125,12535.0,12540.0,12465.0,12540.0,488930
2021-07-12,12204.5263671875,12640.0,12645.0,12610.0,12640.0,465928
2021-07-13,12228.6650390625,12665.0,12700.0,12650.0,12675.0,516441
2021-07-14,12214.181640625,12650.0,12700.0,12645.0,12665.0,400233
2021-07-15,12170.7314453125,12605.0,12665.0,12585.0,12650.0,609417
2021-07-16,12122.4541015625,12555.0,12570.0,12530.0,12555.0,445564
2021-07-19,12069.3505859375,12500.0,12500.0,12440.0,12450.0,414239
2021-07-20,11992.1064453125,12420.0,12440.0,12390.0,12430.0,613492
2021-07-21,12161.0771484375,12595.0,12595.0,12545.0,12575.0,353166
2021-07-22,12233.494140625,12670.0,12695.0,12655.0,12675.0,314441
2021-07-23,12286.5986328125,12725.0,12735.0,12690.0,12705.0,311701
2021-07-26,12373.49609375,12815.0,12840.0,12785.0,12840.0,598551
2021-07-27,12373.49609375,12815.0,12870.0,12800.0,12870.0,429143
2021-07-28,12383.154296875,12825.0,12845.0,12800.0,12805.0,378794
2021-07-29,12315.37890625,12720.0,12765.0,12670.0,12765.0,633112
2021-07-30,12291.17578125,12695.0,12700.0,12650.0,12675.0,383421
2021-08-02,12402.517578125,12810.0,12840.0,12780.0,12785.0,388553
2021-08-03,12320.2216796875,12725.0,12765.0,12720.0,12750.0,568000
2021-08-04,12329.9033203125,12735.0,12790.0,12715.0,12790.0,483232
2021-08-05,12291.17578125,12695.0,12730.0,12670.0,12710.0,571907
2021-08-06,12334.7451171875,12740.0,12745.0,12715.0,12740.0,322067
2021-08-09,12349.2666015625,12755.0,12775.0,12735.0,12775.0,373956
2021-08-10,12412.1982421875,12820.0,12825.0,12785.0,12810.0,264990
2021-08-11,12504.1767578125,12915.0,12920.0,12870.0,12870.0,347458
2021-08-12,12591.3134765625,13005.0,13015.0,12925.0,12925.0,468096
2021-08-13,12722.01953125,13140.0,13140.0,13060.0,13060.0,579364
2021-08-17,12818.8388671875,13240.0,13270.0,13160.0,13170.0,838626
2021-08-18,12678.451171875,13095.0,13185.0,13090.0,13180.0,1026030
2021-08-19,12542.904296875,12955.0,13025.0,12955.0,12985.0,692269
2021-08-20,12625.201171875,13040.0,13045.0,12970.0,13015.0,501859
2021-08-23,12722.01953125,13140.0,13150.0,13115.0,13130.0,573723
2021-08-24,12736.5439453125,13155.0,13205.0,13140.0,13205.0,733365
2021-08-25,12736.5439453125,13155.0,13170.0,13120.0,13145.0,597267
2021-08-26,12794.6337890625,13215.0,13225.0,13135.0,13155.0,441431
2021-08-27,12755.9052734375,13175.0,13185.0,13145.0,13170.0,548469
2021-08-30,12813.9970703125,13235.0,13235.0,13180.0,13205.0,654016
2021-08-31,12823.6806640625,13245.0,13290.0,13235.0,13270.0,824507
2021-09-01,12799.474609375,13220.0,13225.0,13180.0,13220.0,605093
2021-09-02,12799.474609375,13220.0,13315.0,13160.0,13310.0,677447
2021-09-03,12818.8388671875,13240.0,13245.0,13195.0,13225.0,573507
2021-09-06,12809.15625,13230.0,13260.0,13165.0,13240.0,601531
2021-09-07,12818.8388671875,13240.0,13245.0,13215.0,13230.0,389952
2021-09-08,12847.884765625,13270.0,13275.0,13215.0,13220.0,390996
2021-09-09,12813.9970703125,13235.0,13275.0,13230.0,13260.0,447815
2021-09-10,12838.2021484375,13260.0,13285.0,13225.0,13235.0,369662
2021-09-13,12818.8388671875,13240.0,13250.0,13195.0,13250.0,436295
2021-09-14,12780.111328125,13200.0,13245.0,13195.0,13240.0,499863
2021-09-15,12683.2939453125,13100.0,13165.0,13095.0,13165.0,691157
2021-09-16,12799.474609375,13220.0,13220.0,13165.0,13170.0,334954
2021-09-17,12828.5205078125,13250.0,13265.0,13210.0,13215.0,434148
2021-09-23,12634.8828125,13050.0,13165.0,13050.0,13130.0,1189615
2021-09-24,12741.3828125,13160.0,13210.0,13140.0,13165.0,461930
2021-09-27,12838.2021484375,13260.0,13265.0,13220.0,13235.0,538054
2021-09-28,12809.15625,13230.0,13245.0,13175.0,13190.0,445672
2021-09-29,12610.6787109375,13025.0,13055.0,13015.0,13035.0,870390
2021-09-30,12688.1318359375,13105.0,13120.0,13035.0,13060.0,739009
2021-10-01,12387.9951171875,12795.0,12915.0,12795.0,12880.0,2271714
2021-10-05,12450.92578125,12860.0,12890.0,12760.0,12825.0,1260820
2021-10-06,12581.6328125,12995.0,13010.0,12930.0,12980.0,1125880
2021-10-07,12751.0654296875,13170.0,13175.0,13095.0,13110.0,1451183
2021-10-08,12818.8388671875,13240.0,13260.0,13210.0,13235.0,496834
2021-10-12,12688.1318359375,13105.0,13160.0,13090.0,13160.0,395603
2021-10-13,12644.564453125,13060.0,13105.0,13045.0,13105.0,345748
2021-10-14,12692.97265625,13110.0,13130.0,13065.0,13065.0,374815
2021-10-15,12833.3642578125,13255.0,13270.0,13210.0,13265.0,372889
2021-10-18,12901.1337890625,13325.0,13360.0,13265.0,13275.0,389911
2021-10-19,12920.5,13345.0,13650.0,13335.0,13650.0,401205
2021-10-20,12925.33984375,13350.0,13420.0,13335.0,13420.0,417095
2021-10-21,12993.11328125,13420.0,13435.0,13385.0,13420.0,530653
2021-10-22,13051.203125,13480.0,13505.0,13465.0,13495.0,624254
2021-10-25,12964.0673828125,13390.0,13465.0,13375.0,13465.0,664032
2021-10-26,13056.0458984375,13485.0,13495.0,13420.0,13465.0,705493
2021-10-27,13075.4091796875,13505.0,13510.0,13435.0,13485.0,373598
2021-10-28,13012.3603515625,13415.0,13480.0,13410.0,13480.0,876670
2021-10-29,13041.4599609375,13445.0,13485.0,13435.0,13470.0,666797
2021-11-01,13230.60546875,13640.0,13680.0,13600.0,13605.0,1250299
2021-11-02,13201.5068359375,13610.0,13660.0,13585.0,13655.0,1344943
2021-11-03,13337.3056640625,13750.0,13755.0,13700.0,13720.0,1021648
2021-11-04,13439.1533203125,13855.0,13855.0,13805.0,13840.0,1430884
2021-11-05,13521.6025390625,13940.0,13970.0,13925.0,13970.0,1217385
2021-11-08,13536.15234375,13955.0,13980.0,13940.0,13965.0,1354755
2021-11-09,13482.802734375,13900.0,13970.0,13880.0,13965.0,1647131
2021-11-10,13468.25390625,13885.0,13900.0,13860.0,13860.0,1380293
2021-11-11,13400.3544921875,13815.0,13885.0,13815.0,13850.0,899709
2021-11-12,13405.203125,13820.0,13880.0,13780.0,13820.0,4129551
2021-11-15,13468.25390625,13885.0,13950.0,13880.0,13900.0,1647652
2021-11-16,13468.25390625,13885.0,13950.0,13860.0,13930.0,694447
2021-11-17,13550.703125,13970.0,14015.0,13960.0,13980.0,1074658
2021-11-18,13531.3017578125,13950.0,13960.0,13910.0,13950.0,1583829
2021-11-19,13662.251953125,14085.0,14090.0,13990.0,14005.0,1697372
2021-11-22,13628.3017578125,14050.0,14090.0,14045.0,14085.0,1831525
2021-11-23,13570.099609375,13990.0,14050.0,13980.0,14050.0,769560
2021-11-24,13589.5029296875,14010.0,14040.0,14000.0,14015.0,514824
2021-11-25,13701.05078125,14125.0,14130.0,14020.0,14020.0,589910
2021-11-26,13536.15234375,13955.0,14080.0,13955.0,14055.0,1373351
2021-11-29,13497.353515625,13915.0,13940.0,13700.0,13870.0,1156992
2021-11-30,13371.2548828125,13785.0,13990.0,13720.0,13990.0,1683682
2021-12-01,13288.8056640625,13700.0,13770.0,13610.0,13770.0,1138951
2021-12-02,13036.6083984375,13440.0,13485.0,13400.0,13480.0,1610396
2021-12-03,13206.3564453125,13615.0,13620.0,13505.0,13540.0,723504
2021-12-06,13182.1064453125,13590.0,13615.0,13565.0,13580.0,663327
2021-12-07,13313.0546875,13725.0,13725.0,13660.0,13680.0,761319
2021-12-08,13511.90234375,13930.0,13955.0,13880.0,13920.0,628589
2021-12-09,13463.40234375,13880.0,13915.0,13865.0,13895.0,558675
2021-12-10,13458.5537109375,13875.0,13885.0,13830.0,13870.0,496372
2021-12-13,13608.900390625,14030.0,14035.0,14010.0,14020.0,515956
2021-12-14,13502.203125,13920.0,13965.0,13910.0,13935.0,574630
2021-12-15,13448.8525390625,13865.0,13900.0,13825.0,13900.0,643976
2021-12-16,13671.9501953125,14095.0,14095.0,14025.0,14055.0,532343
2021-12-17,13458.5537109375,13875.0,13970.0,13875.0,13960.0,974045
2021-12-20,13264.556640625,13675.0,13775.0,13675.0,13760.0,1141659
2021-12-21,13419.75390625,13835.0,13840.0,13725.0,13730.0,568489
2021-12-22,13531.3017578125,13950.0,13955.0,13920.0,13930.0,508223
2021-12-23,13623.4521484375,14045.0,14075.0,14030.0,14045.0,404660
2021-12-24,13701.05078125,14125.0,14130.0,14095.0,14095.0,444556
2021-12-27,13705.900390625,14130.0,14180.0,14120.0,14125.0,468547
2021-12-28,13909.59765625,14340.0,14340.0,14280.0,14280.0,561135
2021-12-29,13899.8974609375,14330.0,14360.0,14310.0,14345.0,762459
2021-12-30,13919.294921875,14350.0,14350.0,14270.0,14315.0,615802
2022-01-04,14016.294921875,14450.0,14460.0,14410.0,14410.0,1226439
2022-01-05,13987.197265625,14420.0,14460.0,14415.0,14440.0,1013306
2022-01-06,13730.1484375,14155.0,14240.0,14130.0,14225.0,1571255
2022-01-07,13822.2978515625,14250.0,14295.0,14210.0,14210.0,953691
2022-01-10,13720.44921875,14145.0,14165.0,14080.0,14115.0,1158993
2022-01-11,13628.3017578125,14050.0,14115.0,14045.0,14115.0,918421
2022-01-12,13744.7001953125,14170.0,14175.0,14110.0,14140.0,2333509
2022-01-13,13701.05078125,14125.0,14160.0,14110.0,14150.0,2285347
2022-01-14,13550.703125,13970.0,13980.0,13910.0,13970.0,2352435
2022-01-17,13579.802734375,14000.0,14020.0,13970.0,13975.0,648101
2022-01-18,13502.203125,13920.0,14010.0,13895.0,14010.0,1494749
2022-01-19,13264.556640625,13675.0,13775.0,13640.0,13775.0,1341812
2022-01-20,13269.4052734375,13680.0,13680.0,13555.0,13570.0,2306332
2022-01-21,13026.9091796875,13430.0,13465.0,13345.0,13465.0,1832860
2022-01-24,12929.912109375,13330.0,13330.0,13275.0,13285.0,2419736
2022-01-25,12784.4140625,13180.0,13300.0,13110.0,13295.0,2526707
2022-01-26,12798.9609375,13195.0,13200.0,13085.0,13145.0,2095453
2022-01-27,12614.10546875,12965.0,13215.0,12905.0,13210.0,5815717
2022-01-28,12842.744140625,13200.0,13210.0,13100.0,13125.0,1948259
2022-02-03,13397.31640625,13770.0,13775.0,13710.0,13730.0,1209699
2022-02-04,13275.7001953125,13645.0,13680.0,13615.0,13680.0,1182456
2022-02-07,13207.595703125,13575.0,13595.0,13500.0,13585.0,882291
2022-02-08,13144.35546875,13510.0,13540.0,13480.0,13540.0,896307
2022-02-09,13285.4296875,13655.0,13665.0,13535.0,13535.0,591214
2022-02-10,13402.181640625,13775.0,13780.0,13740.0,13770.0,1222612
2022-02-11,13095.70703125,13460.0,13560.0,13440.0,13530.0,1834543
2022-02-15,12915.7158203125,13275.0,13285.0,13220.0,13220.0,1424739
2022-02-16,13081.1123046875,13445.0,13445.0,13400.0,13420.0,811204
2022-02-17,13051.9267578125,13415.0,13455.0,13390.0,13450.0,1765358
2022-02-18,12896.255859375,13255.0,13285.0,13175.0,13200.0,1505056
2022-02-21,12755.1806640625,13110.0,13170.0,13020.0,13060.0,1543665
2022-02-22,12516.8115234375,12865.0,12995.0,12825.0,12940.0,1466673
2022-02-23,12643.2939453125,12995.0,13015.0,12940.0,12975.0,1824193
2022-02-24,12195.7421875,12535.0,12720.0,12445.0,12690.0,3815303
2022-02-25,12550.8623046875,12900.0,12950.0,12865.0,12910.0,2907479
2022-02-28,12638.427734375,12990.0,13080.0,12955.0,12970.0,2213923
2022-03-02,12745.451171875,13100.0,13125.0,13045.0,13075.0,1503572
2022-03-03,12954.6318359375,13315.0,13320.0,13240.0,13300.0,1532114
2022-03-04,12925.443359375,13285.0,13315.0,13070.0,13275.0,2350712
2022-03-07,12847.609375,13205.0,13280.0,13095.0,13280.0,2059349
2022-03-08,12609.240234375,12960.0,13080.0,12960.0,12970.0,2147161
2022-03-10,12852.4736328125,13210.0,13255.0,13180.0,13220.0,1162202
2022-03-11,12876.796875,13235.0,13240.0,13155.0,13205.0,887254
2022-03-14,12901.12109375,13260.0,13260.0,13130.0,13210.0,918693
2022-03-15,12701.6689453125,13055.0,13105.0,13030.0,13105.0,874348
2022-03-16,12954.6318359375,13315.0,13340.0,13270.0,13310.0,748339
2022-03-17,12969.228515625,13330.0,13580.0,13295.0,13475.0,1881779
2022-03-18,13013.0087890625,13375.0,13415.0,13310.0,13390.0,1424149
2022-03-21,13241.6484375,13610.0,13620.0,13500.0,13595.0,1145120
2022-03-22,13290.294921875,13660.0,13695.0,13625.0,13660.0,1060301
2022-03-23,13436.234375,13810.0,13840.0,13765.0,13805.0,1212447
2022-03-24,13363.265625,13735.0,13750.0,13675.0,13700.0,782142
2022-03-25,13523.7978515625,13900.0,13900.0,13835.0,13880.0,1061323
2022-03-28,13601.634765625,13980.0,13995.0,13950.0,13950.0,1091293
2022-03-29,13694.0625,14075.0,14105.0,14045.0,14085.0,1799302
2022-03-30,13728.1162109375,14110.0,14150.0,14060.0,14125.0,1502502
2022-03-31,13703.7919921875,14085.0,14085.0,14035.0,14080.0,1477081
2022-04-01,13552.9873046875,13930.0,13955.0,13910.0,13910.0,1488230
2022-04-04,13557.8515625,13935.0,13955.0,13895.0,13930.0,1065012
2022-04-05,13606.4990234375,13985.0,14015.0,13960.0,14015.0,1557518
2022-04-06,13518.935546875,13895.0,13915.0,13860.0,13865.0,1182140
2022-04-07,13372.994140625,13745.0,13745.0,13690.0,13735.0,1460760
2022-04-08,13533.52734375,13910.0,13915.0,13830.0,13860.0,995032
2022-04-11,13514.0703125,13890.0,13905.0,13835.0,13870.0,1126819
2022-04-12,13324.34765625,13695.0,13745.0,13675.0,13705.0,1134628
2022-04-13,13324.34765625,13695.0,13695.0,13630.0,13690.0,1471347
2022-04-14,13368.1298828125,13740.0,13745.0,13695.0,13695.0,1429037
2022-04-15,13329.2109375,13700.0,13725.0,13600.0,13630.0,508357
2022-04-18,13231.91796875,13600.0,13690.0,13530.0,13640.0,721482
2022-04-19,13353.53515625,13725.0,13750.0,13670.0,13710.0,977282
2022-04-20,13445.96484375,13820.0,13895.0,13790.0,13880.0,1682014
2022-04-21,13572.4453125,13950.0,13970.0,13900.0,13900.0,818936
2022-04-22,13329.2109375,13700.0,13725.0,13660.0,13720.0,1655432
2022-04-25,12993.5498046875,13355.0,13435.0,13295.0,13430.0,1876967
2022-04-26,13158.9482421875,13525.0,13550.0,13480.0,13495.0,760072
2022-04-27,13032.466796875,13395.0,13395.0,13200.0,13200.0,1552826
2022-04-28,13183.724609375,13510.0,13510.0,13360.0,13450.0,667054
2022-04-29,13164.20703125,13490.0,13625.0,13485.0,13600.0,623179
2022-05-03,12939.76171875,13260.0,13280.0,13205.0,13230.0,1342918
2022-05-04,12969.037109375,13290.0,13320.0,13220.0,13320.0,1181598
2022-05-06,12930.00390625,13250.0,13290.0,13200.0,13200.0,1901238
2022-05-10,12588.4541015625,12900.0,12900.0,12735.0,12750.0,2072721
2022-05-11,12578.6982421875,12890.0,12905.0,12810.0,12900.0,1822101
2022-05-12,12407.9248046875,12715.0,12775.0,12660.0,12750.0,1907313
2022-05-13,12471.353515625,12780.0,12825.0,12750.0,12755.0,2049488
2022-05-16,12578.6982421875,12890.0,12975.0,12845.0,12925.0,1781987
2022-05-17,12593.333984375,12905.0,12930.0,12870.0,12890.0,1412418
2022-05-18,12681.162109375,12995.0,13085.0,12985.0,13050.0,1652422
2022-05-19,12285.94140625,12590.0,12595.0,12490.0,12530.0,5572616
2022-05-20,12217.6318359375,12520.0,12565.0,12445.0,12540.0,2015509
2022-05-23,12251.787109375,12555.0,12575.0,12515.0,12540.0,1264353
2022-05-24,12183.478515625,12485.0,12650.0,12465.0,12650.0,2241339
2022-05-25,12261.5458984375,12565.0,12600.0,12520.0,12520.0,937413
2022-05-26,12339.6142578125,12645.0,12700.0,12620.0,12620.0,1540293
2022-05-27,12485.9912109375,12795.0,12950.0,12760.0,12950.0,1424824
2022-05-30,12749.470703125,13065.0,13130.0,13020.0,13110.0,1199879
2022-05-31,12632.3701171875,12945.0,13065.0,12920.0,13065.0,1297334
2022-06-02,12603.09375,12915.0,12935.0,12820.0,12890.0,1253185
2022-06-03,12725.0751953125,13040.0,13090.0,13005.0,13090.0,2059732
2022-06-07,12656.765625,12970.0,13020.0,12925.0,13020.0,1502578
2022-06-08,12773.8681640625,13090.0,13115.0,13065.0,13070.0,964193
2022-06-09,12661.6435546875,12975.0,13035.0,12940.0,13020.0,1835094
2022-06-10,12539.662109375,12850.0,12850.0,12755.0,12810.0,523044
2022-06-13,12066.376953125,12365.0,12550.0,12360.0,12550.0,3475230
2022-06-14,12002.9462890625,12300.0,12325.0,12165.0,12170.0,2103560
2022-06-15,11890.7236328125,12185.0,12300.0,12145.0,12300.0,2683734
2022-06-16,11910.240234375,12205.0,12340.0,12205.0,12315.0,2661118
2022-06-17,11671.1572265625,11960.0,11990.0,11895.0,11980.0,3303569
2022-06-20,11695.5537109375,11985.0,12005.0,11905.0,11990.0,2067038
2022-06-21,11812.6552734375,12105.0,12120.0,12035.0,12080.0,2617206
2022-06-22,11837.0517578125,12130.0,12210.0,12115.0,12210.0,1620500
2022-06-23,11983.4306640625,12280.0,12325.0,12205.0,12205.0,2251133
2022-06-24,12188.3583984375,12490.0,12505.0,12350.0,12350.0,1296458
2022-06-27,12359.1318359375,12665.0,12690.0,12595.0,12640.0,2294208
2022-06-28,12359.1318359375,12665.0,12670.0,12570.0,12645.0,1130411
2022-06-29,12212.7529296875,12515.0,12515.0,12405.0,12500.0,1293583
2022-06-30,12051.7392578125,12350.0,12515.0,12345.0,12515.0,1000803
2022-07-01,11963.9130859375,12260.0,12370.0,12215.0,12340.0,1373920
2022-07-04,12144.443359375,12445.0,12450.0,12370.0,12370.0,553351
2022-07-05,12266.4248046875,12570.0,12570.0,12505.0,12540.0,639339
2022-07-06,12232.2705078125,12535.0,12635.0,12530.0,12550.0,1817001
2022-07-07,12310.337890625,12615.0,12645.0,12575.0,12615.0,2037638
2022-07-08,12407.9248046875,12715.0,12750.0,12695.0,12720.0,2210996
2022-07-11,12378.6484375,12685.0,12720.0,12650.0,12715.0,418611
2022-07-12,12349.3720703125,12655.0,12720.0,12650.0,12660.0,560538
2022-07-13,12285.94140625,12590.0,12630.0,12545.0,12630.0,493205
2022-07-14,12202.99609375,12505.0,12530.0,12420.0,12485.0,612875
2022-07-15,12359.1318359375,12665.0,12680.0,12575.0,12575.0,680568
2022-07-18,12564.060546875,12875.0,12885.0,12810.0,12840.0,961378
2022-07-19,12388.4052734375,12695.0,12760.0,12660.0,12760.0,1050583
2022-07-20,12729.9541015625,13045.0,13055.0,12925.0,12940.0,791415
2022-07-21,12729.9541015625,13045.0,13090.0,13030.0,13070.0,947446
2022-07-22,12832.41796875,13150.0,13170.0,13090.0,13090.0,648489
2022-07-25,12759.23046875,13075.0,13085.0,13015.0,13070.0,562970
2022-07-26,12715.31640625,13030.0,13065.0,13025.0,13060.0,521447
2022-07-27,12764.107421875,13080.0,13095.0,13020.0,13030.0,960320
2022-07-28,12788.50390625,13105.0,13185.0,13095.0,13185.0,622955
2022-07-29,13047.10546875,13370.0,13395.0,13295.0,13300.0,887656
2022-08-01,13144.6904296875,13470.0,13515.0,13395.0,13395.0,757603
2022-08-02,13115.4140625,13440.0,13525.0,13425.0,13485.0,1490447
2022-08-03,13169.0869140625,13495.0,13510.0,13440.0,13445.0,1338150
2022-08-04,13320.341796875,13650.0,13675.0,13590.0,13595.0,1990312
2022-08-05,13232.5166015625,13560.0,13605.0,13540.0,13600.0,1454477
2022-08-08,13276.4287109375,13605.0,13605.0,13510.0,13545.0,454697
2022-08-09,13247.154296875,13575.0,13610.0,13560.0,13605.0,456604
2022-08-10,13212.9990234375,13540.0,13560.0,13525.0,13555.0,514369
2022-08-11,13481.3583984375,13815.0,13825.0,13700.0,13700.0,1576228
2022-08-12,13452.0830078125,13785.0,13830.0,13745.0,13805.0,1563620
2022-08-16,13754.5966796875,14095.0,14140.0,13805.0,13805.0,2446364
2022-08-17,13827.78515625,14170.0,14195.0,14150.0,14150.0,2136440
2022-08-18,13798.5087890625,14140.0,14180.0,14070.0,14085.0,1715618
2022-08-19,13876.578125,14220.0,14290.0,14210.0,14220.0,925162
2022-08-22,13822.9052734375,14165.0,14190.0,14065.0,14065.0,1524876
2022-08-23,13593.580078125,13930.0,14025.0,13920.0,13970.0,2749482
2022-08-24,13569.18359375,13905.0,13920.0,13860.0,13880.0,962004
2022-08-25,13671.6474609375,14010.0,14025.0,13915.0,13960.0,1427227
2022-08-26,13681.408203125,14020.0,14130.0,14010.0,14055.0,700281
2022-08-29,13320.341796875,13650.0,13670.0,13500.0,13500.0,1442536
2022-08-30,13349.6181640625,13680.0,13705.0,13630.0,13655.0,1540577
2022-08-31,13159.328125,13485.0,13570.0,13485.0,13530.0,2153535
2022-09-01,13047.10546875,13370.0,13385.0,13285.0,13320.0,3003209
2022-09-02,13242.2744140625,13570.0,13570.0,13470.0,13500.0,1534403
2022-09-05,13227.6376953125,13555.0,13565.0,13455.0,13485.0,1937523
2022-09-06,13261.7919921875,13590.0,13615.0,13505.0,13535.0,527688
2022-09-07,13247.154296875,13575.0,13585.0,13495.0,13545.0,997631
2022-09-08,13495.9951171875,13830.0,13840.0,13720.0,13720.0,1184887
2022-09-13,13891.212890625,14235.0,14240.0,14175.0,14210.0,1417133
2022-09-14,13442.3232421875,13775.0,13805.0,13735.0,13785.0,1727063
2022-09-15,13495.9951171875,13830.0,13870.0,13800.0,13820.0,814476
2022-09-16,13188.603515625,13515.0,13675.0,13495.0,13675.0,1113899
2022-09-19,13178.8447265625,13505.0,13540.0,13460.0,13515.0,1063845
2022-09-20,13310.583984375,13640.0,13665.0,13600.0,13630.0,579597
2022-09-21,13169.0869140625,13495.0,13530.0,13440.0,13475.0,1124712
2022-09-22,13061.7421875,13385.0,13385.0,13230.0,13325.0,1381927
2022-09-23,12964.1572265625,13285.0,13375.0,13255.0,13375.0,760647
2022-09-26,12861.693359375,13180.0,13230.0,13140.0,13175.0,1579857
2022-09-27,12895.84765625,13215.0,13225.0,13160.0,13175.0,1271149
2022-09-28,12832.41796875,13150.0,13170.0,13055.0,13095.0,1258031
2022-09-29,13027.5888671875,13350.0,13430.0,13295.0,13295.0,831647
2022-09-30,12812.9013671875,13130.0,13160.0,13040.0,13125.0,1403862
2022-10-04,12988.5537109375,13310.0,13345.0,13270.0,13275.0,768385
2022-10-05,13042.224609375,13365.0,13490.0,13365.0,13465.0,931861
2022-10-06,13037.3447265625,13360.0,13500.0,13340.0,13490.0,669298
2022-10-07,12895.84765625,13215.0,13285.0,13195.0,13215.0,1306344
2022-10-11,12676.28125,12990.0,13060.0,12945.0,13060.0,1084828
2022-10-12,12651.88671875,12965.0,12965.0,12895.0,12945.0,1427729
2022-10-13,12554.30078125,12865.0,12880.0,12830.0,12870.0,494348
2022-10-14,12934.8818359375,13255.0,13255.0,13145.0,13150.0,1632866
2022-10-17,12715.31640625,13030.0,13120.0,12975.0,13120.0,876833
2022-10-18,13032.466796875,13355.0,13410.0,13280.0,13300.0,898137
2022-10-19,13042.224609375,13365.0,13430.0,13325.0,13425.0,470486
2022-10-20,12954.400390625,13275.0,13305.0,13210.0,13305.0,1461802
2022-10-21,12895.84765625,13215.0,13230.0,13120.0,13140.0,1032246
2022-10-24,13261.7919921875,13590.0,13625.0,13505.0,13505.0,1391338
2022-10-25,13354.4970703125,13685.0,13775.0,13665.0,13720.0,860294
2022-10-26,13359.3759765625,13690.0,13740.0,13665.0,13705.0,960097
2022-10-27,13388.65234375,13720.0,13775.0,13660.0,13660.0,665968
2022-10-28,13173.337890625,13460.0,13515.0,13435.0,13510.0,3071866
2022-10-31,13599.0732421875,13895.0,13895.0,13815.0,13820.0,1182596
2022-11-01,13550.1376953125,13845.0,13890.0,13795.0,13850.0,1992561
2022-11-02,13437.587890625,13730.0,13750.0,13690.0,13715.0,551663
2022-11-03,13143.9765625,13430.0,13440.0,13385.0,13430.0,1579484
2022-11-04,12992.2783203125,13275.0,13310.0,13225.0,13275.0,850857
2022-11-07,12938.44921875,13220.0,13300.0,13205.0,13240.0,882517
2022-11-08,12923.7685546875,13205.0,13310.0,13185.0,13305.0,995984
2022-11-09,12791.642578125,13070.0,13245.0,13055.0,13215.0,2958961
2022-11-10,12674.2001953125,12950.0,12955.0,12825.0,12895.0,1277400
2022-11-11,12869.939453125,13150.0,13645.0,13075.0,13645.0,1380193
2022-11-14,12938.44921875,13220.0,13285.0,13065.0,13170.0,1006401
2022-11-15,12884.62109375,13165.0,13215.0,13130.0,13190.0,1779053
2022-11-16,13011.8515625,13295.0,13320.0,13155.0,13165.0,905744
2022-11-17,13095.0419921875,13380.0,13380.0,13245.0,13295.0,976221
2022-11-18,12967.810546875,13250.0,13325.0,13245.0,13325.0,454701
2022-11-21,13153.763671875,13440.0,13455.0,13320.0,13325.0,1753486
2022-11-22,13163.5498046875,13450.0,13515.0,13405.0,13450.0,2331488
2022-11-23,13276.1015625,13565.0,13600.0,13535.0,13570.0,2063037
2022-11-24,13143.9765625,13430.0,13580.0,13420.0,13575.0,1096609
2022-11-25,13139.0830078125,13425.0,13510.0,13360.0,13430.0,682565
2022-11-28,13158.6552734375,13445.0,13480.0,13410.0,13455.0,891744
2022-11-29,12967.810546875,13250.0,13360.0,13195.0,13350.0,1076200
2022-11-30,12825.8984375,13105.0,13230.0,13085.0,13230.0,1562936
2022-12-01,13021.6376953125,13305.0,13390.0,13280.0,13325.0,1997439
2022-12-02,13002.064453125,13285.0,13330.0,13245.0,13315.0,587802
2022-12-05,12913.98046875,13195.0,13285.0,13165.0,13285.0,1715253
2022-12-06,12953.12890625,13235.0,13235.0,13090.0,13110.0,664611
2022-12-07,12786.7490234375,13065.0,13125.0,13000.0,13095.0,1506549
2022-12-08,12732.9208984375,13010.0,13035.0,12985.0,13005.0,574471
2022-12-09,12688.8798828125,12965.0,13100.0,12945.0,13085.0,736563
2022-12-12,12615.4775390625,12890.0,12940.0,12870.0,12880.0,649729
2022-12-13,12752.4951171875,13030.0,13085.0,13010.0,13035.0,1297734
2022-12-14,12821.0048828125,13100.0,13150.0,13030.0,13030.0,885267
2022-12-15,12801.4306640625,13080.0,13085.0,13035.0,13060.0,847660
2022-12-16,12498.03125,12770.0,13000.0,12765.0,13000.0,1653772
2022-12-19,12336.546875,12605.0,12750.0,12555.0,12750.0,813557
2022-12-20,12003.787109375,12265.0,12540.0,12265.0,12540.0,1463514
2022-12-21,12116.3388671875,12380.0,12440.0,12345.0,12380.0,979004
2022-12-22,12184.84765625,12450.0,12525.0,12430.0,12485.0,762422
2022-12-23,12023.3623046875,12285.0,12370.0,12275.0,12370.0,661901
2022-12-26,12086.9775390625,12350.0,12370.0,12305.0,12330.0,303426
2022-12-27,12101.658203125,12365.0,12380.0,12280.0,12380.0,630179
2022-12-28,11935.2783203125,12195.0,12250.0,12180.0,12250.0,806820
2022-12-29,11778.6875,12035.0,12150.0,12000.0,12150.0,622226
2023-01-02,12018.46875,12280.0,12285.0,12040.0,12125.0,391381
2023-01-03,12023.3623046875,12285.0,12320.0,12190.0,12275.0,4118143
2023-01-04,11974.4267578125,12235.0,12285.0,12205.0,12250.0,4794279
2023-01-05,11998.8955078125,12260.0,12315.0,12230.0,12295.0,519536
2023-01-06,11905.91796875,12165.0,12245.0,12110.0,12245.0,511236
2023-01-09,11940.1728515625,12200.0,12305.0,12185.0,12305.0,1068620
2023-01-10,11901.025390625,12160.0,12185.0,12065.0,12185.0,634906
2023-01-11,12013.5751953125,12275.0,12310.0,12210.0,12210.0,751505
2023-01-12,12150.59375,12415.0,12435.0,12350.0,12355.0,657784
2023-01-13,12140.806640625,12405.0,12430.0,12360.0,12415.0,772859
2023-01-16,12140.806640625,12405.0,12435.0,12385.0,12415.0,679053
2023-01-17,12145.7001953125,12410.0,12440.0,12385.0,12420.0,449460
2023-01-18,12155.486328125,12420.0,12505.0,12355.0,12400.0,851409
2023-01-19,11896.1298828125,12155.0,12300.0,12140.0,12300.0,866765
2023-01-20,11876.556640625,12135.0,12155.0,12065.0,12095.0,724617
2023-01-25,12111.4453125,12375.0,12420.0,12365.0,12365.0,561787
2023-01-26,12199.52734375,12465.0,12470.0,12420.0,12430.0,576026
2023-01-27,12263.14453125,12530.0,12595.0,12485.0,12595.0,750155
2023-01-30,12248.4169921875,12475.0,12525.0,12465.0,12525.0,722501
2023-01-31,12169.8701171875,12395.0,12440.0,12365.0,12430.0,1003260
2023-02-01,12302.4169921875,12530.0,12560.0,12515.0,12550.0,952727
2023-02-02,12395.6923828125,12625.0,12655.0,12575.0,12605.0,946578
2023-02-03,12562.60546875,12795.0,12795.0,12675.0,12705.0,1071751
2023-02-06,12685.3349609375,12920.0,12920.0,12840.0,12860.0,814804
2023-02-07,12700.0615234375,12935.0,12985.0,12920.0,12940.0,634202
2023-02-08,12901.337890625,13140.0,13145.0,13020.0,13025.0,686719
2023-02-09,12837.5185546875,13075.0,13075.0,13000.0,13030.0,767698
2023-02-10,12675.5166015625,12910.0,12945.0,12890.0,12945.0,718530
2023-02-13,12803.1552734375,13040.0,13040.0,12925.0,12935.0,616888
2023-02-14,12891.5205078125,13130.0,13195.0,13100.0,13195.0,480243
2023-02-15,12970.06640625,13210.0,13250.0,13135.0,13135.0,867373
2023-02-16,13127.162109375,13370.0,13390.0,13315.0,13315.0,2332910
2023-02-17,13009.3408203125,13250.0,13300.0,13185.0,13195.0,1311666
2023-02-20,12999.521484375,13240.0,13260.0,13210.0,13250.0,2183903
2023-02-21,12950.4296875,13190.0,13240.0,13175.0,13240.0,493670
2023-02-22,12857.1552734375,13095.0,13105.0,13050.0,13085.0,1337213
2023-02-23,12803.1552734375,13040.0,13100.0,13000.0,13080.0,969526
2023-02-24,12862.064453125,13100.0,13100.0,13020.0,13050.0,1497569
2023-02-27,12930.79296875,13170.0,13170.0,13065.0,13100.0,956177
2023-02-28,12974.9755859375,13215.0,13235.0,13135.0,13170.0,556454
2023-03-02,12724.6083984375,12960.0,13205.0,12915.0,13205.0,1064726
2023-03-03,12729.5166015625,12965.0,13065.0,12930.0,13050.0,650138
2023-03-06,12920.9755859375,13160.0,13195.0,13090.0,13095.0,911748
2023-03-07,12965.1572265625,13205.0,13225.0,13180.0,13180.0,416184
2023-03-08,12955.3388671875,13195.0,13220.0,13140.0,13165.0,600829
2023-03-09,12979.884765625,13220.0,13220.0,13155.0,13160.0,384665
2023-03-10,12680.42578125,12915.0,13000.0,12900.0,13000.0,891514
2023-03-13,12601.87890625,12835.0,12915.0,12790.0,12890.0,4299354
2023-03-14,12449.693359375,12680.0,12705.0,12550.0,12580.0,1127331
2023-03-15,12596.9697265625,12830.0,12835.0,12760.0,12835.0,1082176
2023-03-16,12616.60546875,12850.0,12885.0,12765.0,12765.0,974761
2023-03-17,12724.6083984375,12960.0,12995.0,12905.0,12950.0,647269
2023-03-20,12587.1513671875,12820.0,12955.0,12820.0,12955.0,805126
2023-03-21,12763.880859375,13000.0,13000.0,12910.0,12930.0,536729
2023-03-22,12901.337890625,13140.0,13155.0,13085.0,13085.0,838308
2023-03-23,12484.0576171875,12715.0,13005.0,12675.0,13005.0,1762458
2023-03-24,12596.9697265625,12830.0,12830.0,12725.0,12725.0,690195
2023-03-27,12812.97265625,13050.0,13050.0,12950.0,12965.0,991106
2023-03-28,12754.0625,12990.0,12995.0,12930.0,12985.0,463006
2023-03-29,12832.609375,13070.0,13075.0,12935.0,12990.0,1903031
2023-03-30,12916.0654296875,13155.0,13210.0,13140.0,13210.0,805260
2023-03-31,12994.6123046875,13235.0,13240.0,13135.0,13170.0,940478
2023-04-03,13279.345703125,13525.0,13570.0,13410.0,13410.0,2015215
2023-04-04,13372.62109375,13620.0,13620.0,13495.0,13525.0,1188161
2023-04-05,13244.9814453125,13490.0,13575.0,13460.0,13575.0,881697
2023-04-06,13274.4365234375,13520.0,13550.0,13455.0,13455.0,851133
2023-04-07,13313.7109375,13560.0,13585.0,13535.0,13565.0,507663
2023-04-10,13333.34765625,13580.0,13635.0,13560.0,13560.0,665804
2023-04-11,13411.8935546875,13660.0,13660.0,13600.0,13615.0,811336
2023-04-12,13421.7119140625,13670.0,13685.0,13620.0,13660.0,664229
2023-04-13,13249.8916015625,13495.0,13650.0,13455.0,13650.0,1155193
2023-04-14,13274.4365234375,13520.0,13570.0,13480.0,13550.0,984697
2023-04-17,13397.1650390625,13645.0,13675.0,13565.0,13565.0,1439380
2023-04-18,13495.3505859375,13745.0,13765.0,13700.0,13705.0,1117091
2023-04-19,13529.7138671875,13780.0,13780.0,13700.0,13745.0,836533
2023-04-20,13510.078125,13760.0,13870.0,13725.0,13810.0,774665
2023-04-21,13519.8955078125,13770.0,13805.0,13715.0,13750.0,671095
2023-04-24,13544.4423828125,13795.0,13835.0,13765.0,13800.0,801868
2023-04-25,13549.3505859375,13800.0,13870.0,13790.0,13820.0,1063033
2023-04-26,13456.076171875,13705.0,13765.0,13000.0,13725.0,1662078
2023-04-27,13426.5029296875,13620.0,13650.0,13580.0,13595.0,1143547
2023-04-28,13633.5185546875,13830.0,13865.0,13805.0,13815.0,1122034
2023-05-02,13766.6005859375,13965.0,13975.0,13900.0,13910.0,1216234
2023-05-03,13618.7314453125,13815.0,13920.0,13780.0,13920.0,1006773
2023-05-04,13362.4267578125,13555.0,13630.0,13530.0,13630.0,1170104
2023-05-08,13456.0751953125,13650.0,13700.0,13630.0,13630.0,671699
2023-05-09,13500.4365234375,13695.0,13725.0,13660.0,13670.0,386436
2023-05-10,13485.650390625,13680.0,13680.0,13650.0,13665.0,428891
2023-05-11,13549.7265625,13745.0,13745.0,13645.0,13745.0,1208890
2023-05-12,13628.5888671875,13825.0,13845.0,13760.0,13785.0,571138
2023-05-15,13618.7314453125,13815.0,13835.0,13780.0,13825.0,844920
2023-05-16,13608.8740234375,13805.0,13825.0,13785.0,13815.0,945060
2023-05-17,13569.4423828125,13765.0,13830.0,13765.0,13805.0,545745
2023-05-19,13766.6005859375,13965.0,14065.0,13955.0,14000.0,1365803
2023-05-22,13628.5888671875,13825.0,13935.0,13800.0,13935.0,764556
2023-05-23,13594.087890625,13790.0,13840.0,13775.0,13825.0,619850
2023-05-25,13539.8681640625,13735.0,13735.0,13655.0,13680.0,1039428
2023-05-26,13579.2998046875,13775.0,13800.0,13725.0,13770.0,891619
2023-05-30,13786.31640625,13985.0,13995.0,13905.0,13950.0,984048
2023-05-31,13707.453125,13905.0,13930.0,13860.0,13925.0,1188925
2023-06-01,13663.091796875,13860.0,13895.0,13790.0,13895.0,1093464
2023-06-02,13643.376953125,13840.0,13910.0,13820.0,13900.0,672952
2023-06-05,13815.8916015625,14015.0,14045.0,13990.0,13995.0,990041
2023-06-07,13801.1044921875,14000.0,14010.0,13925.0,13985.0,1006630
2023-06-08,13717.3115234375,13915.0,13995.0,13910.0,13955.0,636511
2023-06-09,13682.80859375,13880.0,13970.0,13880.0,13940.0,693034
2023-06-12,13722.240234375,13920.0,13955.0,13900.0,13910.0,467284
2023-06-13,13687.7373046875,13885.0,13985.0,13850.0,13970.0,5377045
2023-06-14,13801.1044921875,14000.0,14015.0,13890.0,13890.0,1113752
2023-06-15,13815.8916015625,14015.0,14075.0,13960.0,13990.0,954045
2023-06-16,13904.6123046875,14105.0,14140.0,14055.0,14070.0,876830
2023-06-19,13948.97265625,14150.0,14175.0,14095.0,14120.0,740966
2023-06-20,13904.6123046875,14105.0,14170.0,14090.0,14150.0,754003
2023-06-21,14003.1923828125,14205.0,14235.0,14155.0,14155.0,1319996
2023-06-22,13934.1865234375,14135.0,14150.0,14100.0,14120.0,639780
2023-06-23,14067.267578125,14270.0,14290.0,14235.0,14245.0,741307
2023-06-26,14037.6943359375,14240.0,14290.0,14200.0,14290.0,5517553
2023-06-27,13953.9013671875,14155.0,14215.0,14120.0,14210.0,817977
2023-06-28,14121.486328125,14325.0,14330.0,14230.0,14230.0,997577
2023-06-29,14249.638671875,14455.0,14460.0,14355.0,14390.0,865914
2023-06-30,14333.4326171875,14540.0,14585.0,14525.0,14550.0,1064824
2023-07-07,14215.1376953125,14420.0,14490.0,14410.0,14470.0,568045
2023-07-10,14136.2734375,14340.0,14375.0,14320.0,14350.0,732999
2023-07-14,14121.486328125,14325.0,14370.0,14255.0,14350.0,658322
2023-07-17,14091.9140625,14295.0,14340.0,14265.0,14325.0,499141
2023-07-19,14274.2841796875,14480.0,14495.0,14415.0,14420.0,608814
2023-07-20,14318.6455078125,14525.0,14525.0,14440.0,14480.0,523006
2023-07-21,14407.3662109375,14615.0,14630.0,14500.0,14505.0,1144640
2023-07-24,14353.1474609375,14560.0,14655.0,14545.0,14615.0,886002
2023-07-26,14407.3662109375,14615.0,14680.0,14605.0,14605.0,777360
2023-07-28,14323.57421875,14530.0,14585.0,14475.0,14580.0,1102094
2023-08-03,14451.7265625,14660.0,14710.0,14630.0,14660.0,1121668
2023-08-04,14599.5966796875,14810.0,14810.0,14620.0,14660.0,589544
2023-08-07,14451.7265625,14660.0,14670.0,14580.0,14670.0,708761
2023-08-08,14599.5966796875,14810.0,14825.0,14740.0,14740.0,608328
2023-08-09,14604.525390625,14815.0,14870.0,14800.0,14810.0,2215891
2023-08-10,14535.51953125,14745.0,14785.0,14725.0,14745.0,630387
2023-08-11,14589.73828125,14800.0,14800.0,14735.0,14745.0,405408
2023-08-14,14609.4541015625,14820.0,14890.0,14805.0,14855.0,594370
2023-08-16,14624.2421875,14835.0,14875.0,14830.0,14855.0,603132
2023-08-17,14574.951171875,14785.0,14805.0,14735.0,14805.0,500041
2023-08-18,14422.1533203125,14630.0,14650.0,14565.0,14650.0,804312
2023-08-21,14446.7978515625,14655.0,14680.0,14630.0,14635.0,771306
2023-08-22,14501.017578125,14710.0,14750.0,14695.0,14720.0,657177
2023-08-23,14540.44921875,14750.0,14750.0,14690.0,14710.0,676997
2023-08-24,14555.236328125,14765.0,14840.0,14745.0,14820.0,1418572
2023-08-25,14298.9287109375,14505.0,14565.0,14480.0,14555.0,819643
2023-08-28,14387.650390625,14595.0,14615.0,14545.0,14595.0,1463830
2023-08-29,14471.443359375,14680.0,14690.0,14645.0,14670.0,1534437
2023-08-30,14683.388671875,14895.0,14910.0,14825.0,14835.0,1156806
2023-08-31,14742.5361328125,14955.0,14980.0,14920.0,14925.0,688296
2023-09-01,14658.744140625,14870.0,14960.0,14855.0,14955.0,647412
2023-09-04,14717.8916015625,14930.0,14935.0,14865.0,14910.0,562725
2023-09-05,14801.68359375,15015.0,15015.0,14905.0,14930.0,503223
2023-09-06,14752.39453125,14965.0,15050.0,14945.0,15015.0,589309
2023-09-07,14678.4599609375,14890.0,14965.0,14870.0,14965.0,1415502
2023-09-08,14673.53125,14885.0,14895.0,14840.0,14890.0,957164
2023-09-11,14693.24609375,14905.0,14910.0,14865.0,14900.0,798953
2023-09-12,14693.24609375,14905.0,14905.0,14855.0,14890.0,601697
2023-09-13,14624.2421875,14835.0,14840.0,14805.0,14835.0,599847
2023-09-14,14668.6025390625,14880.0,14890.0,14845.0,14850.0,1290210
2023-09-15,14772.1103515625,14985.0,15015.0,14970.0,15000.0,756140
2023-09-18,14579.880859375,14790.0,14845.0,14765.0,14840.0,1227495
2023-09-19,14589.73828125,14800.0,14800.0,14725.0,14790.0,999297
2023-09-20,14599.5966796875,14810.0,14810.0,14750.0,14800.0,442057
2023-09-21,14520.7333984375,14730.0,14755.0,14685.0,14705.0,478050
2023-09-22,14318.6455078125,14525.0,14555.0,14500.0,14550.0,799487
2023-09-25,14289.0703125,14495.0,14505.0,14415.0,14505.0,804940
2023-09-26,14382.7216796875,14590.0,14610.0,14500.0,14535.0,1372595
2023-09-27,14289.0703125,14495.0,14535.0,14460.0,14535.0,950253
2023-10-04,14160.91796875,14365.0,14495.0,14060.0,14495.0,848508
2023-10-05,14205.279296875,14410.0,14475.0,14370.0,14400.0,555148
2023-10-06,14175.705078125,14380.0,14405.0,14340.0,14405.0,497535
2023-10-10,14451.7265625,14660.0,14690.0,14575.0,14610.0,1310070
2023-10-11,14412.294921875,14620.0,14725.0,14610.0,14725.0,1590724
2023-10-12,14525.662109375,14735.0,14775.0,14695.0,14700.0,466434
2023-10-13,14510.875,14720.0,14730.0,14695.0,14730.0,423892
2023-10-16,14505.9462890625,14715.0,14730.0,14675.0,14720.0,1644333
2023-10-17,14589.73828125,14800.0,14815.0,14765.0,14780.0,368027
2023-10-18,14560.1650390625,14770.0,14805.0,14745.0,14800.0,488332
2023-10-19,14436.9404296875,14645.0,14685.0,14635.0,14655.0,842082
2023-10-20,14234.8525390625,14440.0,14630.0,14430.0,14620.0,585295
2023-10-23,14160.91796875,14365.0,14370.0,14330.0,14350.0,424154
2023-10-24,14042.623046875,14245.0,14270.0,14215.0,14270.0,961325
2023-10-25,14121.486328125,14325.0,14330.0,14290.0,14300.0,561695
2023-10-26,13968.6884765625,14170.0,14180.0,14130.0,14160.0,599656
2023-10-27,13919.3994140625,14120.0,14120.0,14055.0,14115.0,773935
2023-10-30,13800.6826171875,13950.0,13995.0,13930.0,13995.0,616497
2023-10-31,13855.0947265625,14005.0,14035.0,13970.0,13995.0,488952
2023-11-01,14048.0068359375,14200.0,14205.0,14125.0,14145.0,882901
2023-11-02,14082.6328125,14235.0,14310.0,14225.0,14305.0,739752
2023-11-03,14102.4189453125,14255.0,14385.0,14200.0,14350.0,1601736
2023-11-06,14003.48828125,14155.0,14285.0,14140.0,14255.0,997505
2023-11-07,14082.6328125,14235.0,14255.0,14160.0,14160.0,1201069
2023-11-08,14166.72265625,14320.0,14330.0,14205.0,14255.0,1235982
2023-11-09,14186.5087890625,14340.0,14360.0,14265.0,14320.0,932895
2023-11-10,14161.7763671875,14315.0,14320.0,14280.0,14315.0,1006813
2023-11-13,14404.154296875,14560.0,14560.0,14480.0,14480.0,698229
2023-11-14,14498.13671875,14655.0,14660.0,14545.0,14560.0,576682
2023-11-15,14503.0830078125,14660.0,14715.0,14615.0,14695.0,1747550
2023-11-16,14433.8330078125,14590.0,14730.0,14050.0,14685.0,806037
2023-11-17,14468.458984375,14625.0,14635.0,14555.0,14590.0,1083929
2023-11-20,14399.20703125,14555.0,14660.0,14495.0,14620.0,907373
2023-11-21,14512.9765625,14670.0,14695.0,14610.0,14660.0,719405
2023-11-22,14582.2275390625,14740.0,14740.0,14645.0,14670.0,601085
2023-11-23,14641.5849609375,14800.0,14830.0,14770.0,14805.0,465502
2023-11-24,14730.6220703125,14890.0,14890.0,14795.0,14815.0,542840
2023-11-27,14666.31640625,14825.0,14865.0,14805.0,14850.0,477984
2023-11-28,14577.28125,14735.0,14800.0,14695.0,14800.0,541050
2023-11-29,14557.494140625,14715.0,14730.0,14650.0,14675.0,899418
2023-11-30,14557.494140625,14715.0,14735.0,14655.0,14710.0,706226
2023-12-01,14760.30078125,14920.0,14935.0,14815.0,14815.0,689715
2023-12-04,14824.6044921875,14985.0,14985.0,14870.0,14895.0,725945
2023-12-05,14804.8193359375,14965.0,15000.0,14935.0,14970.0,677808
2023-12-06,14888.91015625,15050.0,15065.0,15010.0,15015.0,742307
2023-12-07,14928.4814453125,15090.0,15100.0,14985.0,14995.0,808992
2023-12-08,14834.4970703125,14995.0,15090.0,14975.0,15085.0,767274
2023-12-11,15007.625,15170.0,15200.0,15150.0,15165.0,597175
2023-12-12,15047.197265625,15210.0,15245.0,15200.0,15200.0,588976
2023-12-13,15175.8046875,15340.0,15350.0,15240.0,15240.0,558359
2023-12-14,15160.96484375,15325.0,15500.0,15270.0,15350.0,1032091
2023-12-15,15165.9111328125,15330.0,15330.0,15260.0,15265.0,732217
2023-12-18,15210.4306640625,15375.0,15410.0,15345.0,15405.0,881120
2023-12-19,15339.0390625,15505.0,15530.0,15415.0,15435.0,767486
2023-12-20,15348.931640625,15515.0,15555.0,15490.0,15535.0,826028
2023-12-21,15245.0556640625,15410.0,15410.0,15305.0,15345.0,781233
2023-12-22,15274.734375,15440.0,15450.0,15410.0,15410.0,1152797
2023-12-26,15254.94921875,15420.0,15490.0,15405.0,15460.0,865125
2023-12-27,15319.2529296875,15485.0,15500.0,15450.0,15485.0,679017
2023-12-28,15299.466796875,15465.0,15505.0,15430.0,15485.0,848173
2024-01-02,15393.4501953125,15560.0,15580.0,15450.0,15465.0,1755593
2024-01-03,15339.0390625,15505.0,15585.0,15490.0,15585.0,1215265
2024-01-04,15289.5732421875,15455.0,15475.0,15420.0,15460.0,1557347
2024-01-05,15279.6806640625,15445.0,15480.0,15405.0,15445.0,822452
2024-01-08,15309.3603515625,15475.0,15485.0,15445.0,15450.0,877163
2024-01-09,15512.1650390625,15680.0,15680.0,15605.0,15610.0,1748882
2024-01-10,15546.7919921875,15715.0,15745.0,15685.0,15685.0,1522027
2024-01-11,15596.255859375,15765.0,15825.0,15765.0,15805.0,1503556
2024-01-12,15546.7919921875,15715.0,15735.0,15680.0,15730.0,1328451
2024-01-15,15665.505859375,15835.0,15845.0,15725.0,15725.0,1141861
2024-01-16,15724.8642578125,15895.0,15900.0,15785.0,15810.0,1006507
2024-01-17,15813.900390625,15985.0,16045.0,15910.0,15910.0,1118094
2024-01-19,15868.3125,16040.0,16045.0,15975.0,15995.0,1243604
2024-01-22,16085.9580078125,16260.0,16260.0,16165.0,16175.0,1253901
2024-01-23,16031.5458984375,16205.0,16290.0,16195.0,16270.0,1515879
2024-01-24,16160.154296875,16335.0,16365.0,16310.0,16310.0,1262932
2024-01-25,16125.529296875,16300.0,16310.0,16250.0,16285.0,978482
2024-01-26,16140.3681640625,16315.0,16385.0,16305.0,16350.0,871310
2024-01-29,16204.673828125,16380.0,16380.0,16325.0,16325.0,790571
2024-01-30,16239.447265625,16345.0,16400.0,16335.0,16390.0,1037293
2024-01-31,16234.4794921875,16340.0,16350.0,16270.0,16290.0,1666737
2024-02-01,16030.8037109375,16135.0,16180.0,16125.0,16180.0,3770544
2024-02-02,16179.8349609375,16285.0,16350.0,16250.0,16350.0,1181015
2024-02-05,16333.833984375,16440.0,16550.0,16430.0,16535.0,1237345
2024-02-06,16279.189453125,16385.0,16445.0,16360.0,16440.0,1319435
2024-02-07,16299.0595703125,16405.0,16420.0,16360.0,16390.0,1030139
2024-02-08,16448.08984375,16555.0,16570.0,16510.0,16530.0,1352505
2024-02-13,16532.54296875,16640.0,16640.0,16605.0,16610.0,1483858
2024-02-14,16413.318359375,16520.0,16585.0,16505.0,16585.0,1286962
2024-02-15,16552.4140625,16660.0,16660.0,16605.0,16635.0,1063075
2024-02-16,16636.865234375,16745.0,16745.0,16675.0,16680.0,853756
2024-02-19,16597.123046875,16705.0,16785.0,16645.0,16745.0,1077073
2024-02-20,16567.31640625,16675.0,16710.0,16655.0,16705.0,976933
2024-02-21,16458.025390625,16565.0,16590.0,16525.0,16590.0,1343612
2024-02-22,16542.478515625,16650.0,16700.0,16645.0,16655.0,1124477
2024-02-23,16805.765625,16915.0,16920.0,16840.0,16860.0,1193996
2024-02-26,16780.927734375,16890.0,16930.0,16865.0,16915.0,1259115
2024-02-27,16721.314453125,16830.0,16860.0,16825.0,16860.0,1132157
2024-02-28,16795.830078125,16905.0,16965.0,16855.0,16855.0,1064533
2024-02-29,16756.08984375,16865.0,16910.0,16865.0,16895.0,1733341
2024-03-04,16954.796875,17065.0,17075.0,17015.0,17040.0,1618495
2024-03-05,16954.796875,17065.0,17085.0,17035.0,17060.0,1438271
2024-03-06,16835.572265625,16945.0,16980.0,16930.0,16950.0,2081540
2024-03-07,16845.5078125,16955.0,16970.0,16890.0,16960.0,1871687
2024-03-08,16905.12109375,17015.0,17085.0,17005.0,17040.0,1667103
2024-03-11,16651.767578125,16760.0,16880.0,16755.0,16875.0,2960532
2024-03-12,16716.34765625,16825.0,16845.0,16785.0,16795.0,1267720
2024-03-13,16890.21875,17000.0,17010.0,16930.0,16950.0,1151452
2024-03-14,16929.9609375,17040.0,17050.0,16960.0,16995.0,1011261
2024-03-15,16989.5703125,17100.0,17110.0,17030.0,17040.0,1159651
2024-03-18,16999.505859375,17110.0,17115.0,17040.0,17055.0,1276172
2024-03-19,17108.796875,17220.0,17230.0,17170.0,17175.0,1269139
2024-03-20,17203.18359375,17315.0,17320.0,17280.0,17285.0,1201409
2024-03-21,17237.95703125,17350.0,17425.0,17340.0,17420.0,1958228
2024-03-22,17441.634765625,17555.0,17570.0,17445.0,17465.0,1340070
2024-03-25,17416.794921875,17530.0,17580.0,17450.0,17560.0,1954187
2024-03-26,17386.98828125,17500.0,17520.0,17430.0,17510.0,1781264
2024-03-27,17486.341796875,17600.0,17610.0,17485.0,17500.0,1602319
2024-03-28,17540.986328125,17655.0,17735.0,17610.0,17660.0,1657716
2024-03-29,17774.46875,17890.0,17925.0,17680.0,17695.0,1542928
2024-04-01,17675.1171875,17790.0,17885.0,17705.0,17880.0,3109920
2024-04-02,17590.6640625,17705.0,17780.0,17670.0,17780.0,2681288
2024-04-03,17396.923828125,17510.0,17590.0,17480.0,17590.0,1951471
2024-04-04,17461.505859375,17575.0,17610.0,17540.0,17570.0,2664325
2024-04-05,17317.44140625,17430.0,17435.0,17345.0,17385.0,2335031
2024-04-08,17466.47265625,17580.0,17635.0,17565.0,17600.0,2009868
2024-04-09,17516.1484375,17630.0,17635.0,17590.0,17590.0,1143974
2024-04-11,17491.310546875,17605.0,17605.0,17540.0,17575.0,1195274
2024-04-12,17754.59765625,17870.0,17870.0,17730.0,17730.0,1360821
2024-04-15,17685.052734375,17800.0,17800.0,17700.0,17755.0,2179128
2024-04-16,17491.310546875,17605.0,17690.0,17555.0,17595.0,3853756
2024-04-17,17367.1171875,17480.0,17605.0,17425.0,17605.0,3120547
2024-04-18,17188.28125,17300.0,17350.0,17250.0,17340.0,1809286
2024-04-19,17078.990234375,17190.0,17290.0,17105.0,17260.0,4983056
2024-04-22,17083.958984375,17195.0,17195.0,17125.0,17140.0,1838020
2024-04-23,17128.66796875,17240.0,17270.0,17210.0,17265.0,1925779
2024-04-24,17302.537109375,17415.0,17450.0,17370.0,17450.0,1944799
2024-04-25,17183.3125,17295.0,17375.0,17295.0,17345.0,1035791
2024-04-26,17386.98828125,17500.0,17535.0,17425.0,17425.0,1153051
2024-04-29,17486.65625,17545.0,17630.0,17495.0,17530.0,1618078
2024-04-30,17531.505859375,17590.0,17600.0,17490.0,17550.0,1282893
2024-05-02,17232.50390625,17290.0,17365.0,17270.0,17305.0,2179489
2024-05-03,17182.669921875,17240.0,17345.0,17220.0,17325.0,2433205
2024-05-07,17481.671875,17540.0,17540.0,17475.0,17490.0,2038972
2024-05-08,17566.390625,17625.0,17655.0,17570.0,17570.0,1144847
2024-05-09,17631.173828125,17690.0,17690.0,17625.0,17630.0,2126844
2024-05-10,17735.82421875,17795.0,17805.0,17745.0,17770.0,1324453
2024-05-13,17775.69140625,17835.0,17860.0,17790.0,17805.0,3630261
2024-05-14,17750.775390625,17810.0,17815.0,17780.0,17805.0,1858960
2024-05-16,17755.7578125,17815.0,17940.0,17815.0,17940.0,2223888
2024-05-17,17850.44140625,17910.0,17940.0,17810.0,17815.0,2938153
2024-05-20,17895.29296875,17955.0,17990.0,17925.0,17925.0,3381125
2024-05-21,17984.9921875,18045.0,18095.0,18010.0,18010.0,2616698
2024-05-22,18019.876953125,18080.0,18125.0,18050.0,18100.0,2118970
2024-05-23,18069.7109375,18130.0,18165.0,18095.0,18110.0,2835376
2024-05-24,17940.142578125,18000.0,18045.0,17985.0,18000.0,2124232
2024-05-27,17980.009765625,18040.0,18070.0,18025.0,18060.0,2939052
2024-05-28,17935.16015625,17995.0,18040.0,17955.0,18030.0,1630720
2024-05-29,17925.193359375,17985.0,18070.0,17970.0,18040.0,1409030
2024-05-30,17960.076171875,18020.0,18020.0,17965.0,17970.0,1416596
2024-05-31,18004.92578125,18065.0,18065.0,17935.0,17970.0,1136690
2024-06-03,18089.64453125,18150.0,18235.0,18135.0,18215.0,1815626
2024-06-04,18054.759765625,18115.0,18145.0,18050.0,18090.0,1511492
2024-06-05,18074.693359375,18135.0,18180.0,18075.0,18135.0,1216464
2024-06-07,18194.294921875,18255.0,18300.0,18210.0,18245.0,1543673
2024-06-10,18279.01171875,18340.0,18420.0,18335.0,18355.0,1688339
2024-06-11,18383.662109375,18445.0,18445.0,18370.0,18370.0,1527053
2024-06-12,18423.529296875,18485.0,18515.0,18455.0,18510.0,1688731
2024-06-13,18563.064453125,18625.0,18640.0,18520.0,18560.0,1980997
2024-06-14,18647.78125,18710.0,18715.0,18650.0,18655.0,2193986
2024-06-17,18647.78125,18710.0,18745.0,18665.0,18720.0,2094678
2024-06-18,18807.25,18870.0,18880.0,18835.0,18845.0,2263652
2024-06-19,18867.05078125,18930.0,18935.0,18870.0,18900.0,1921688
2024-06-20,18961.734375,19025.0,19025.0,18940.0,18950.0,2552568
2024-06-21,18921.8671875,18985.0,19050.0,18955.0,19025.0,2404626
2024-06-24,18891.966796875,18955.0,18995.0,18920.0,18985.0,1764818
2024-06-25,18817.216796875,18880.0,18885.0,18820.0,18885.0,1643559
2024-06-26,18926.8515625,18990.0,19000.0,18960.0,18980.0,1718078
2024-06-27,18862.06640625,18925.0,19005.0,18900.0,19000.0,1418758
2024-06-28,18827.18359375,18890.0,19025.0,18880.0,18995.0,2082545
2024-07-01,18792.298828125,18855.0,18895.0,18810.0,18890.0,3738988
2024-07-02,18872.033203125,18935.0,18955.0,18875.0,18915.0,1902064
2024-07-03,19051.435546875,19115.0,19115.0,19020.0,19025.0,4771477
2024-07-04,19011.568359375,19075.0,19155.0,19065.0,19155.0,2145630
2024-07-05,19036.484375,19100.0,19100.0,19025.0,19065.0,3723609
2024-07-08,19131.16796875,19195.0,19195.0,19100.0,19115.0,3577108
2024-07-09,19190.96875,19255.0,19300.0,19245.0,19260.0,4069942
2024-07-10,19215.88671875,19280.0,19330.0,19265.0,19295.0,3694800
2024-07-11,19330.50390625,19395.0,19440.0,19365.0,19435.0,5301935
2024-07-12,19190.96875,19255.0,19255.0,19105.0,19150.0,4622279
2024-07-15,19360.404296875,19425.0,19435.0,19320.0,19325.0,2776027
2024-07-16,19440.138671875,19505.0,19535.0,19495.0,19525.0,3019900
2024-07-17,19405.25390625,19470.0,19575.0,19465.0,19550.0,3798380
2024-07-18,19280.669921875,19345.0,19345.0,19255.0,19290.0,4064667
2024-07-19,19190.96875,19255.0,19265.0,19205.0,19235.0,3418211
2024-07-22,19061.40234375,19125.0,19160.0,19080.0,19155.0,4505636
2024-07-23,19146.119140625,19210.0,19270.0,19170.0,19270.0,6224213
2024-07-24,19016.55078125,19080.0,19185.0,19065.0,19170.0,6303731
2024-07-25,18727.515625,18790.0,18850.0,18730.0,18780.0,4728491
2024-07-26,18702.599609375,18765.0,18795.0,18680.0,18700.0,2612304
2024-07-29,18882.0,18945.0,18965.0,18900.0,18955.0,2879106
2024-07-30,18850.0,18850.0,18850.0,18760.0,18775.0,2714953
2024-07-31,18765.0,18765.0,18795.0,18695.0,18760.0,4991592
2024-08-01,18875.0,18875.0,18950.0,18815.0,18935.0,6506305
2024-08-02,18410.0,18410.0,18590.0,18390.0,18525.0,6702204
2024-08-05,17670.0,17670.0,17960.0,17560.0,17885.0,12166060
2024-08-06,18010.0,18010.0,18035.0,17820.0,17825.0,7925376
2024-08-07,18065.0,18065.0,18155.0,17865.0,17880.0,3783916
2024-08-08,17855.0,17855.0,17865.0,17730.0,17750.0,5076254
2024-08-09,18070.0,18070.0,18255.0,17990.0,18220.0,5836368
2024-08-12,18270.0,18270.0,18280.0,18135.0,18180.0,2816142
2024-08-13,18275.0,18275.0,18275.0,18225.0,18270.0,3207616
2024-08-14,18430.0,18430.0,18470.0,18380.0,18470.0,1788076
2024-08-16,18790.0,18790.0,18875.0,18770.0,18810.0,3581081
2024-08-19,18425.0,18425.0,18740.0,18375.0,18740.0,5455808
2024-08-20,18630.0,18630.0,18675.0,18500.0,18570.0,3609437
2024-08-21,18655.0,18655.0,18670.0,18510.0,18555.0,7164229
2024-08-22,18685.0,18685.0,18740.0,18665.0,18685.0,6288079
2024-08-23,18655.0,18655.0,18685.0,18615.0,18660.0,17044280
2024-08-26,18635.0,18635.0,18645.0,18530.0,18610.0,4241148
2024-08-28,18770.0,18770.0,18775.0,18600.0,18625.0,12356210
2024-08-29,18525.0,18525.0,18565.0,18500.0,18535.0,10859330
2024-08-30,18665.0,18665.0,18665.0,18580.0,18600.0,11231510
2024-09-02,18810.0,18810.0,18865.0,18770.0,18770.0,2265233
2024-09-03,18850.0,18850.0,18880.0,18805.0,18815.0,9713837
2024-09-04,18415.0,18415.0,18490.0,18365.0,18470.0,12979290
2024-09-05,18345.0,18345.0,18420.0,18335.0,18360.0,8584620
2024-09-06,18165.0,18165.0,18315.0,18155.0,18315.0,9047663
2024-09-09,18140.0,18140.0,18155.0,18010.0,18015.0,5611936
2024-09-10,18305.0,18305.0,18365.0,18280.0,18345.0,6348060
2024-09-11,18290.0,18290.0,18405.0,18215.0,18395.0,3823842
2024-09-12,18575.0,18575.0,18590.0,18525.0,18530.0,4252728
2024-09-13,18550.0,18550.0,18665.0,18515.0,18645.0,6761084
2024-09-19,18820.0,18820.0,18870.0,18650.0,18650.0,5926237
2024-09-20,18925.0,18925.0,18945.0,18900.0,18905.0,9529085
2024-09-23,19045.0,19045.0,19075.0,18945.0,18945.0,6298334
2024-09-24,19040.0,19040.0,19060.0,18975.0,19040.0,7899217
2024-09-25,18985.0,18985.0,19000.0,18930.0,18965.0,7961292
2024-09-26,19070.0,19070.0,19110.0,19010.0,19070.0,6545020
2024-09-27,18885.0,18885.0,18965.0,18840.0,18905.0,12262670
2024-09-30,18690.0,18690.0,18795.0,18645.0,18790.0,9607845
2024-10-02,18730.0,18730.0,18825.0,18720.0,18780.0,6786566
2024-10-04,18970.0,18970.0,19000.0,18905.0,18905.0,3558101
2024-10-07,19285.0,19285.0,19330.0,19255.0,19285.0,8705979
2024-10-08,19175.0,19175.0,19195.0,19120.0,19170.0,9552237
2024-10-10,19490.0,19490.0,19510.0,19445.0,19450.0,3882614
2024-10-11,19460.0,19460.0,19500.0,19420.0,19490.0,5490017
2024-10-14,19660.0,19660.0,19690.0,19565.0,19565.0,5841883
2024-10-15,19925.0,19925.0,19960.0,19835.0,19840.0,3573803
2024-10-16,19785.0,19785.0,19845.0,19765.0,19810.0,5666764
2024-10-17,19955.0,19955.0,19955.0,19850.0,19850.0,2972850
2024-10-18,19980.0,19980.0,20025.0,19960.0,20015.0,6681544
2024-10-21,20105.0,20105.0,20110.0,20015.0,20020.0,6375034
2024-10-22,20110.0,20110.0,20185.0,20095.0,20145.0,7512542
2024-10-23,20165.0,20165.0,20205.0,20130.0,20145.0,6492911
2024-10-24,20025.0,20025.0,20045.0,19980.0,20025.0,10255020
2024-10-25,20155.0,20155.0,20165.0,20000.0,20010.0,10968900
2024-10-28,20175.0,20175.0,20275.0,20170.0,20215.0,3934696
2024-10-29,20175.0,20175.0,20220.0,20080.0,20175.0,1691933
